{
  "format_version": "1.17.0",
  "minecraft:entity": {
    "description": {
      "identifier": "ha4:quantum_bomb_2",
      "is_spawnable": false,
      "is_summonable": true,
      "is_experimental": false,
      "scripts": {
        "animate": [
          "quantum_bomb_2",
          "quantum_bomb_2_2"
        ]
      },
      "animations": {
        "quantum_bomb_2": "controller.animation.ha4_quantum_bomb_2",
        "quantum_bomb_2_2": "animation.ha4_quantum_bomb_2_2"
      }
    },
    "events": {
      "minecraft:entity_spawned": {
        "queue_command": {
          "command": [
            "gamerule sendcommandfeedback false"
          ],
          "target": "self"
        },
        "add": {
          "component_groups": [
            "time"
          ]
        }
      },

      "time": {
        "randomize": [
          {
            "weight": 99,
            "remove": {
              "component_groups": [
                "explode"
              ]
            },
            "add": {
              "component_groups": [
                "time"
              ]
            }
          },
          {
            "weight": 1,
            "remove": {
              "component_groups": [
                "time"
              ]
            },
            "add": {
              "component_groups": [
                "explode"
              ]
            }
          }

        ]
      },
      "explode": {
        "remove": {
          "component_groups": [
            "time"
          ]
        },
        "add": {
          "component_groups": [
            "explode"
          ]
        }
      }
    },
    "component_groups": {
      "time": {
        "minecraft:behavior.knockback_roar": {
          "priority": 0,
          "duration": 0.1,
          "attack_time": 1,
          "knockback_damage": 1,
          "knockback_strength": 1,
          "knockback_range": 4,
          "on_roar_end": {
            "event": "time"
          },
          "cooldown_time": 0
        }
      },
      "explode": {
        "minecraft:variant": { "value": 2 },
        "minecraft:explode": {
          "fuseLength": 0.3,
          "fuseLit": true,
          "power": 3,
          "causesFire": false,
          "fireAffectedByGriefing": true,
          "destroyAffectedByGriefing": true
        }
      }
    },

    "components": {
      "minecraft:explode": {
        "fuseLength": 3,
        "fuseLit": true,
        "power": 3,
        "causesFire": false,
        "fireAffectedByGriefing": true,
        "destroyAffectedByGriefing": true
      },
      "minecraft:boss": {
        "should_darken_sky": true,
        "hud_range": 1
      },
      "minecraft:type_family": {
        "family": [
          "inanimate"
        ]
      },
      "minecraft:scale": {
        "value": 0.1
      },
      "minecraft:collision_box": {
        "width": 0.001,
        "height": 0.001
      },
      "minecraft:health": {
        "value": 9999,
        "max": 9999
      },
      "minecraft:hurt_on_condition": {
        "damage_conditions": [
          {
            "filters": {
              "test": "in_lava",
              "subject": "self",
              "operator": "==",
              "value": true
            },
            "cause": "lava",
            "damage_per_tick": 4
          }
        ]
      },
      "minecraft:knockback_resistance": {
        "value": 1
      },
      "minecraft:nameable": {},
      "minecraft:persistent": {},
      "minecraft:physics": {
        "has_gravity": false,
        "has_collision": true
      },
      "minecraft:pushable": {
        "is_pushable": false,
        "is_pushable_by_piston": false
      }
    }
  }
}