{
  "format_version": "1.17.0",
  "minecraft:entity": {
    "description": {
      "identifier": "ha4:time_pro",
      "is_spawnable": false,
      "is_summonable": true,
      "is_experimental": false,
      "runtime_identifier": "minecraft:snowball"
    },
    "component_groups": {
      "explosion": {
        "minecraft:explode": {
          "fuseLength": 0.3,
          "fuseLit": true,
          "power": 0,
          "causesFire": false,
          "fireAffectedByGriefing": true,
          "destroyAffectedByGriefing": true
        }
      }

    },
    "components": {
      "minecraft:type_family": {
        "family": [
          "inanimate"
        ]
      },
      "minecraft:collision_box": {
        "width": 0.01,
        "height": 0.01
      },
      "minecraft:projectile": {
        "on_hit": {
          "impact_damage": {
            "damage": 0,
            "knockback": false
          },
          "remove_on_hit": {}
        },
        "anchor": 1,
        "power": 1.5,
        "gravity": 0.03,
        "angle_offset": 0,
        "offset": [
          0,
          -0.1,
          0
        ]
      },
      "minecraft:physics": {
        "has_gravity": false,
        "has_collision": true
      },
      "minecraft:knockback_resistance": {
        "value": 1
      },
      "minecraft:pushable": {
        "is_pushable": false,
        "is_pushable_by_piston": false
      },
      "minecraft:conditional_bandwidth_optimization": {
        "default_values": {
          "max_optimized_distance": 100,
          "max_dropped_ticks": 7,
          "use_motion_prediction_hints": true
        }
      },
      "minecraft:timer": {
        "looping": true,
        "time": [
          1,
          1
        ],
        "time_down_event": {
          "event": "time_stop"
        }
      }
    },
    "events": {
      "minecraft:entity_spawned": {
        "queue_command": {
          "command": [
            "gamerule sendcommandfeedback false",
            "gamerule commandblockoutput false",
            "summon ha4:time ~~24~ ~~",
            "kill @s"
          ],
          "target": "self"
        },
        "add": {
          "component_groups": [
            "explosion"
          ]
        }
      }


    }
  }
}