{
  "format_version": "1.10.0",
  "particle_effect": {
    "description": {
      "identifier": "ha4:quantum_bomb_4",
      "basic_render_parameters": {
        "material": "particles_blend",
        "texture": "textures/particle/ha4/sphere"
      }
    },
    "components": {
      "minecraft:emitter_local_space": {
        "position": true,
        "rotation": true
      },
      "minecraft:emitter_rate_instant": {
        "num_particles": 5
      },
      "minecraft:emitter_lifetime_once": {
        "active_time": 0.3
      },
      "minecraft:emitter_shape_point": {},
      "minecraft:particle_lifetime_expression": {
        "max_lifetime": 99
      },
      "minecraft:particle_initial_spin": {
        "rotation": "math.random(-360, 360)"
      },
      "minecraft:particle_initial_speed": 0,
      "minecraft:particle_motion_dynamic": {},
      "minecraft:particle_appearance_billboard": {
        "size": [
          "4.5 + (variable.particle_age * 0.1)",
          "4.5 + (variable.particle_age * 0.1)"
        ],
        "facing_camera_mode": "lookat_xyz"
      },
      "minecraft:particle_appearance_tinting": {
        "color": {
          "interpolant": "v.particle_age / v.particle_lifetime",
          "gradient": {
            "0.48": "#26808080",
            "1.0": "#009F9F9F"
          }
        }
      }
    }
  }
}