{
  "format_version": "1.10.0",
  "particle_effect": {
    "description": {
      "identifier": "ha4:quantum_bomb_3",
      "basic_render_parameters": {
        "material": "particles_add",
        "texture": "textures/particle/ha4/electric"
      }
    },
    "components": {
      "minecraft:emitter_local_space": {
        "position": true,
        "rotation": true
      },
      "minecraft:emitter_rate_steady": {
        "spawn_rate": "math.random(24, 36)",
        "max_particles": 100
      },
      "minecraft:emitter_lifetime_once": {
        "active_time": 0.3
      },
      "minecraft:emitter_shape_point": {},
      "minecraft:particle_lifetime_expression": {
        "max_lifetime": 0.4
      },
      "minecraft:particle_initial_spin": {
        "rotation": "math.random(-360, 360)"
      },
      "minecraft:particle_initial_speed": 0,
      "minecraft:particle_motion_dynamic": {},
      "minecraft:particle_appearance_billboard": {
        "size": [
          "math.random(0.1, 4) + (variable.particle_age * 0.1)",
          "math.random(0.1, 4) + (variable.particle_age * 0.1)"
        ],
        "facing_camera_mode": "lookat_xyz",
        "uv": {
          "texture_width": 2240,
          "texture_height": 140,
          "flipbook": {
            "base_UV": [
              0,
              0
            ],
            "size_UV": [
              140,
              140
            ],
            "step_UV": [
              140,
              0
            ],
            "frames_per_second": 16,
            "max_frame": 16,
            "stretch_to_lifetime": true
          }
        }
      },
      "minecraft:particle_appearance_tinting": {
        "color": {
          "interpolant": "v.particle_age / v.particle_lifetime",
          "gradient": {
            "0.05": "#FFFFFFFF",
            "0.19": "#FFB4B4B4",
            "0.8": "#FF686868",
            "1.0": "#009F9F9F"
          }
        }
      }
    }
  }
}