{
  "format_version": "1.10.0",
  "particle_effect": {
    "description": {
      "identifier": "ha4:quantum_bomb",
      "basic_render_parameters": {
        "material": "particles_add",
        "texture": "textures/particle/ha4/light"
      }
    },
    "components": {
      "minecraft:emitter_local_space": {
        "position": true,
        "rotation": true
      },
      "minecraft:emitter_rate_instant": {
        "num_particles": 3
      },
      "minecraft:emitter_lifetime_once": {
        "active_time": 0.8
      },
      "minecraft:emitter_shape_point": {},
      "minecraft:particle_lifetime_expression": {
        "max_lifetime": 9
      },
      "minecraft:particle_initial_spin": {
        "rotation": "math.random(-360, 360)",
        "rotation_rate": 999999
      },
      "minecraft:particle_initial_speed": 0,
      "minecraft:particle_motion_dynamic": {},
      "minecraft:particle_appearance_billboard": {
        "size": [
          "0.8 + (variable.particle_age * 0.01)",
          "0.8 + (variable.particle_age * 0.01)"
        ],
        "facing_camera_mode": "lookat_xyz"
      },
      "minecraft:particle_appearance_tinting": {
        "color": {
          "interpolant": "v.particle_age / v.particle_lifetime",
          "gradient": {
            "0.0": "#FF9C13C0",
            "0.05": "#FFFFFFFF",
            "0.19": "#FFB4B4B4",
            "0.8": "#FF686868",
            "1.0": "#009F9F9F"
          }
        }
      }
    }
  }
}