{
  "format_version": "1.10.0",
  "particle_effect": {
    "description": {
      "identifier": "ha4:quantum_bomb_2",
      "basic_render_parameters": {
        "material": "particles_add",
        "texture": "textures/particle/ha4/circle"
      }
    },
    "components": {
      "minecraft:emitter_local_space": {
        "position": true,
        "rotation": true
      },
      "minecraft:emitter_rate_steady": {
        "spawn_rate": "math.random(24, 36)",
        "max_particles": 100
      },
      "minecraft:emitter_lifetime_once": {
        "active_time": 0.3
      },
      "minecraft:emitter_shape_point": {},
      "minecraft:particle_lifetime_expression": {
        "max_lifetime": 1.2
      },
      "minecraft:particle_initial_spin": {
        "rotation": "math.random(-360, 360)",
        "rotation_rate": 360
      },
      "minecraft:particle_initial_speed": 0,
      "minecraft:particle_motion_dynamic": {},
      "minecraft:particle_appearance_billboard": {
        "size": [
          "math.random(0.1, 1) + (variable.particle_age * 0.1)",
          "math.random(0.1, 1) + (variable.particle_age * 0.1)"
        ],
        "facing_camera_mode": "lookat_xyz"
      },
      "minecraft:particle_appearance_tinting": {
        "color": {
          "interpolant": "v.particle_age / v.particle_lifetime",
          "gradient": {
            "0.05": "#FFFFFFFF",
            "0.19": "#FFB4B4B4",
            "0.7": "#FF686868",
            "1.0": "#009F9F9F"
          }
        }
      }
    }
  }
}