{
  "format_version": "1.20.40",
  "minecraft:item": {
    "description": {
      "identifier": "ha4:time_stop",
      "menu_category": {
        "category": "equipment"
      }
    },
    "components": {
      "minecraft:display_name": {
        "value": "Time Stop"
      },
      "minecraft:icon": {
        "texture": "ha4_time_stop"
      },
      "minecraft:projectile": {
        "minimum_critical_power": 1,
        "projectile_entity": "ha4:time_pro"
      },
      "minecraft:cooldown": {
        "category": "time",
        "duration": 1
      },
      "minecraft:throwable": {
        "do_swing_animation": true,
        "min_draw_duration": 0,
        "max_draw_duration": 0,
        "launch_power_scale": 1,
        "max_launch_power": 2,
        "scale_power_by_draw_duration": false
      }
    }
  }
}